{
	"sun": {
        "star": true,
		"mass": 1.988544e30,
		"radius": 695508e3,
        "group": "group1_sun",
        "x":0,
        "y":0,
        "z":0,
        "speedx":0,
        "speedy":0,
        "speedz":0
	},
    
    "mercury": {
		"mass": 3.302e23,
		"radius": 2.4397e6,
        "color": {"color": "rgb(255, 204, 153)"},
        "group": "group2_mercury",
        "perihelion": 4.6e10,
        "aphelia": 7.0109e10,
        "x": 1.276364776564995E-01,
        "y": -4.308722802161839E-01,
        "z": -4.691707554528111E-02,
        "speedx": 2.133370584780940E-02,
        "speedy": 9.422772360903268E-03,
        "speedz": -1.187451218930837E-03
	},
    
    "venus": {
		"mass": 48.685e23,
		"radius": 6.0518e6,
        "color": {"color": "rgb(255, 102, 102)"},
        "group": "group3_venus",
        "perihelion": 1.07477e11,
        "aphelia": 1.08939e11,
        "x": 7.076455756885000E-01,
        "y": -1.733561505232093E-01,
        "z": -4.321995418707727E-02,
        "speedx":4.826480799616540E-03,
        "speedy":1.953261243440956E-02,
        "speedz":-1.086884731568890E-05
	},
    
	"earth": {
		"mass": 5.9722e24,
		"radius": 6.371e6,
        "color": {"color": "rgb(0, 76, 153)"},
        "group": "group4_earth",
        "perihelion": 1.47095e11,
        "aphelia": 1.51930e11,
        "eququatorial_inclination": 23.4393,
        "x":4.990784023435620E-01,
        "y":8.579834404573541E-01,
        "z":-3.453545618864072E-05,
        "speedx":-1.516143447323994E-02,
        "speedy":8.581553688592673E-03,
        "speedz":-8.175973418112534E-07
	},
    
    "earth_moon": {
        "base":"earth",
		"mass": 7.3477e21,
		"radius": 1.7375e6,
        "color": {"color": "rgb(244, 244, 244)"},
        "group": "group41_moon",
        "perihelion": 3.63300e8,
        "aphelia":4.05500e8,
        "x":-2.417027961464473E-03,
        "y":1.007782575488066E-03,
        "z":-6.010437786825648E-06,
        "speedx":-2.531239102820411E-04,
        "speedy":-5.159421242558433E-04,
        "speedz":5.058282726023234E-05  
	},
    
	"mars": {
		"mass": 6.4185e23,
		"radius": 3.3895e6,
        "color": {"color": "rgb(153, 76, 0)"},
        "group": "group5_mars",
        "perihelion": 2.067e11,
        "aphelia": 2.492e11,
        "x":1.371323035385108E+00,
        "y":-2.116368817716240E-01,
        "z":-3.823965179549829E-02,
        "speedx":2.708909156762385E-03,
        "speedy":1.502782607724455E-02,
        "speedz":2.482840900116487E-04
	},
    
	"jupiter": {
		"mass": 1.89813e27,
		"radius": 6.9911e7,
        "color": {"color": "rgb(160, 160, 160)"},
        "group": "group6_jupiter",
        "perihelion": 7.40550e11,
        "aphelia": 7.78299e11,
        "x":-5.400866130589554E+00,
        "y":-7.250522007923915E-01,
        "z":1.237970150511540E-01,
        "speedx":9.162736439696256E-04,
        "speedy":-7.122589789860744E-03,
        "speedz":9.070197682749554E-06
	},
    
	"saturn": {
		"mass": 5.68319e26,
		"radius": 5.8232e7,
        "color": {"color": "rgb(255, 204, 204)"},
        "group": "group7_saturn",
        "perihelion": 1.3536e12,
        "aphelia": 1.513325783e12,
        "x":-2.071690836260610E+00,
        "y":-9.821311056657647E+00,
        "z":2.532177694238912E-01,
        "speedx":5.153588252342112E-03,
        "speedy":-1.168843262051700E-03,
        "speedz":-1.849100484849907E-04
	},
    
	"uranus": {
		"mass": 8.68103e25,
		"radius": 2.5362e7,
        "color": {"color": "rgb(153, 204, 255)"},
        "group": "group8_uranus",
        "perihelion": 2.7351181e12,
        "aphelia": 3.0062247e12,
        "x": 1.840499241316948E+01,
        "y":7.692561774455626E+00,
        "z":-2.098701003494391E-01,
        "speedx":-1.545640979079864E-03,
        "speedy":3.445592457333927E-03,
        "speedz":3.294922694433393E-05
	},
    
	"neptune": {
		"mass": 1.0241e26,
		"radius": 2.4622e7,
        "color": {"color": "rgb(0, 0, 153)"},
        "group": "group9_neptune",
        "perihelion": 4.459e12,
        "aphelia": 4.537e12,
        "x":2.829943084596444E+01,
        "y":-9.808954830570245E+00,
        "z":-4.501922896061612E-01,
        "speedx":1.007355943379428E-03,
        "speedy":2.984382205054004E-03,
        "speedz":-8.508217261076930E-05
	},
    "pluto":{
        "mass": 1.307e22,
        "radius": 1.195e6,
        "color": {"color": "rgb(195, 177, 243)"},
        "group": "group10_pluto",
        "x": 9.537156167076647E+00,
        "y": -3.181255482199779E+01,
        "z": 6.442001172902997E-01,
        "speedx": 3.084624725799717E-03,
        "speedy": 2.524801726499695E-04,
        "speedz": -9.198924674747705E-04
    }
}