
{
	"sun": {
        "star": true,
		"mass": 1.989e33,
		"radius": 695508e3,
        "group": "group1_sun",
        "x":0,
        "y":0,
        "z":0,
        "speedx":0,
        "speedy":0,
        "speedz":0
	},
    "mercury": {
		"mass": 3.3010e26,
		"radius": 2439.7e3,
        "color": {"color": "rgb(255, 204, 153)"},
        "group": "group2_mercury",
        "perihelion": 46e9,
        "aphelia": 70e9,
        "x": 1.909414528106045e10,
        "y": -6.445757566399484310,
        "z": -7.018694601045094e09,
        "speedx": 3.694237773369274e4,
        "speedy": 1.631512362594839e4,
        "speedz": -2.056020531390888e3
	},
    "venus": {
		"mass": 4.8673e27,
		"radius": 6051.8e3,
        "color": {"color": "rgb(255, 102, 102)"},
        "group": "group3_venus",
        "perihelion": 107477e6,
        "aphelia": 108939e6,
        "x": 1.053411075395570e11,
        "y": -2.648238442284194e10,
        "z": -6.441959457233157e9,
        "speedx":8.360830067311309e3,
        "speedy":3.380818842203419e4,
        "speedz":-1.890069237570557e5
	},
	"earth": {
		"mass": 5.9722e27,
		"radius": 6371.00e3,
        "color": {"color": "rgb(0, 76, 153)"},
        "group": "group4_earth",
        "perihelion": 147095e6,
        "aphelia": 151930e6,
        "eququatorial_inclination": 23.4393,
        "x":7.413990250923651e10,
        "y":1.278038223564592e11,
        "z":-5.166430709473789e12,
        "speedx":-2.624738248536622e4,
        "speedy":1.484690288633027e4,
        "speedz":-1.497386889991681e6
	},
    "earth_moon": {
		"mass": 7.3477e25,
		"radius": 1737.5e3,
        "color": {"color": "rgb(244, 244, 244)"},
        "group": "group41_moon",
        "perihelionToEarth": 363300e3,
        "apheliaToEarth":405500e3,
        "x":-4.393435434589705e6,
        "y":1.831847933951352e6,
        "z":-1.092518198839412e4,
        "speedx":5.325274538766682,
        "speedy":-1.085449989578394e1,
        "speedz":1.064172253848356   
	},
	"mars": {
		"mass": 16.4169e26,
		"radius": 3389.5e3,
        "color": {"color": "rgb(153, 76, 0)"},
        "group": "group5_mars",
        "perihelion": 206.7e9,
        "aphelia": 249.2e9,
        "x":2.046258423553024e11,
        "y":-3.220910036770023e10,
        "z":-5.696916886250153e9,
        "speedx":4.694346169110541e3,
        "speedy":2.600834528451878e4,
        "speedz":4.298114322957751e2
	},
	"jupiter": {
		"mass": 1.8981e30,
		"radius": 69911e3,
        "color": {"color": "rgb(160, 160, 160)"},
        "group": "group6_jupiter",
        "perihelion": 740550e6,
        "aphelia": 778299e6,
        "x":-8.084792367058146e11,
        "y":-1.090149387294974e11,
        "z":1.854342351140521e10,
        "speedx":1.590475154619878e3,
        "speedy":-1.234414370548793e4,
        "speedz":1.562290300228497e5
	},
	"saturn": {
		"mass": 5.6832e29,
		"radius": 58232e3,
        "color": {"color": "rgb(255, 204, 204)"},
        "group": "group7_saturn",
        "perihelion": 1353.6e9,
        "aphelia": 1513325783e3,
        "x":-3.104417014871588e11,
        "y":-1.469795894902957e12,
        "z":3.790449278995430e10,
        "speedx":8.927202502982475e3,
        "speedy":-2.035488575305627e3,
        "speedz":-3.202455204300728e2
	},
	"uranus": {
		"mass": 8.6810e28,
		"radius": 25362e3,
        "color": {"color": "rgb(153, 204, 255)"},
        "group": "group8_uranus",
        "perihelion": 2735118.1e6,
        "aphelia": 3006224.7e6,
        "x":2.752826511466090e12,
        "y":1.150242188254954e12,
        "z":-3.137246647496629e10,
        "speedx":-2.672223751370156e3,
        "speedy":5.954207698899040e3,
        "speedz":5.696841187746449e1
	},
	"neptune": {
		"mass": 1.0241e29,
		"radius": 24622e3,
        "color": {"color": "rgb(0, 0, 153)"},
        "group": "group9_neptune",
        "perihelion": 4.459e12,
        "aphelia": 4.537e12,
        "x":4.233013432784461e12,
        "y":-1.467947429877609e12,
        "z":-6.732415426973438e10,
        "speedx":1.748180224365527e3,
        "speedy":5.155642054384152e3,
        "speedz":-1.473978618399465e4
	}
}