
{
	"sun": {
        "star": true,
		"mass": 1.989e30,
		"radius": 695508e3,
        "group": "group1_sun",
        "x":0,
        "y":0,
        "z":0,
        "speedx":0,
        "speedy":0,
        "speedz":0
	},
    "mercury": {
		"mass": 3.3010e23,
		"radius": 2.4397e6,
        "color": {"color": "rgb(255, 204, 153)"},
        "group": "group2_mercury",
        "perihelion": 4.6e10,
        "aphelia": 7.0109,
        "x": 1.909414528106045e10,
        "y": -6.445757566399484310,
        "z": -7.018694601045094e09,
        "speedx": 3.694237773369274e4,
        "speedy": 1.631512362594839e4,
        "speedz": -2.056020531390888e3,
        "accelX":0,
        "accelY":0,
        "accelZ":0
	},
    "venus": {
		"mass": 4.8673e24,
		"radius": 6.0518e6,
        "color": {"color": "rgb(255, 102, 102)"},
        "group": "group3_venus",
        "perihelion": 1.07477e11,
        "aphelia": 1.08939e11,
        "x": 1.053411075395570e11,
        "y": -2.648238442284194e10,
        "z": -6.441959457233157e9,
        "speedx":8.360830067311309e3,
        "speedy":3.380818842203419e4,
        "speedz":-1.890069237570557e5,
        "accelX":0,
        "accelY":0,
        "accelZ":0
	},
	"earth": {
		"mass": 5.9722e24,
		"radius": 6.371e6,
        "color": {"color": "rgb(0, 76, 153)"},
        "group": "group4_earth",
        "perihelion": 1.47095e11,
        "aphelia": 1.51930e11,
        "eququatorial_inclination": 23.4393,
        "x":7.413990250923651e10,
        "y":1.278038223564592e11,
        "z":-5.166430709473789e06,
        "speedx":-2.624738248536622e4,
        "speedy":1.484690288633027e4,
        "speedz":-1.497386889991681e6,
        "accelX":0,
        "accelY":0,
        "accelZ":0
	},
    "earth_moon": {
        "base":"earth",
		"mass": 7.3477e21,
		"radius": 1.7375e6,
        "color": {"color": "rgb(244, 244, 244)"},
        "group": "group41_moon",
        "perihelion": 3.63300e8,
        "aphelia":4.05500e8,
        "x":-4.393435434589705e6,
        "y":1.831847933951352e6,
        "z":-1.092518198839412e4,
        "speedx":5.325274538766682,
        "speedy":-1.085449989578394e1,
        "speedz":1.064172253848356,
        "accelX":0,
        "accelY":0,
        "accelZ":0   
	},
	"mars": {
		"mass": 1.64169e24,
		"radius": 3.3895e6,
        "color": {"color": "rgb(153, 76, 0)"},
        "group": "group5_mars",
        "perihelion": 2.067e11,
        "aphelia": 2.492e11,
        "x":2.046258423553024e11,
        "y":-3.220910036770023e10,
        "z":-5.696916886250153e9,
        "speedx":4.694346169110541e3,
        "speedy":2.600834528451878e4,
        "speedz":4.298114322957751e2,
        "accelX":0,
        "accelY":0,
        "accelZ":0
	},
	"jupiter": {
		"mass": 1.8981e27,
		"radius": 6.9911e7,
        "color": {"color": "rgb(160, 160, 160)"},
        "group": "group6_jupiter",
        "perihelion": 7.40550e11,
        "aphelia": 7.78299e11,
        "x":-8.084792367058146e11,
        "y":-1.090149387294974e11,
        "z":1.854342351140521e10,
        "speedx":1.590475154619878e3,
        "speedy":-1.234414370548793e4,
        "speedz":1.562290300228497e5,
        "accelX":0,
        "accelY":0,
        "accelZ":0
	},
	"saturn": {
		"mass": 5.6832e26,
		"radius": 5.8232e7,
        "color": {"color": "rgb(255, 204, 204)"},
        "group": "group7_saturn",
        "perihelion": 1.3536e12,
        "aphelia": 1.513325783e12,
        "x":-3.104417014871588e11,
        "y":-1.469795894902957e12,
        "z":3.790449278995430e10,
        "speedx":8.927202502982475e3,
        "speedy":-2.035488575305627e3,
        "speedz":-3.202455204300728e2
	},
	"uranus": {
		"mass": 8.6810e25,
		"radius": 2.5362e7,
        "color": {"color": "rgb(153, 204, 255)"},
        "group": "group8_uranus",
        "perihelion": 2.7351181e12,
        "aphelia": 3.0062247e12,
        "x":2.752826511466090e12,
        "y":1.150242188254954e12,
        "z":-3.137246647496629e10,
        "speedx":-2.672223751370156e3,
        "speedy":5.954207698899040e3,
        "speedz":5.696841187746449e1,
        "accelX":0,
        "accelY":0,
        "accelZ":0
	},
	"neptune": {
		"mass": 1.0241e26,
		"radius": 2.4622e7,
        "color": {"color": "rgb(0, 0, 153)"},
        "group": "group9_neptune",
        "perihelion": 4.459e12,
        "aphelia": 4.537e12,
        "x":4.233013432784461e12,
        "y":-1.467947429877609e12,
        "z":-6.732415426973438e10,
        "speedx":1.748180224365527e3,
        "speedy":5.155642054384152e3,
        "speedz":-1.473978618399465e4,
        "accelX":0,
        "accelY":0,
        "accelZ":0
	}
}